customer_id,customer_first_name,customer_last_name,customer_mail
1,Alexander,Turner,Alexander.Turner@mail.com
2,Harper,Lopez,Harper.Lopez@mail.com
3,Charlotte,Perez,Charlotte.Perez@mail.com
4,Daniel,Lewis,Daniel.Lewis@mail.com
5,Mia,Gonzalez,Mia.Gonzalez@mail.com
6,Sofia,Thompson,Sofia.Thompson@mail.com
7,Charlotte,Parker,Charlotte.Parker@mail.com
8,Sophia,Thomas,Sophia.Thomas@mail.com
9,John,Green,John.Green@mail.com
10,Evelyn,Thompson,Evelyn.Thompson@mail.com
11,Elizabeth,Hernandez,Elizabeth.Hernandez@mail.com
12,Sebastian,Lopez,Sebastian.Lopez@mail.com
13,Charlotte,White,Charlotte.White@mail.com
14,Liam,Young,Liam.Young@mail.com
15,Wyatt,Perez,Wyatt.Perez@mail.com
16,Scarlett,Hill,Scarlett.Hill@mail.com
17,Victoria,Davis,Victoria.Davis@mail.com
18,Sebastian,Lopez,Sebastian.Lopez@mail.com
19,Harper,Clark,Harper.Clark@mail.com
20,Amelia,Moore,Amelia.Moore@mail.com
21,Aria,Green,Aria.Green@mail.com
22,Emily,Martinez,Emily.Martinez@mail.com
23,Jack,Scott,Jack.Scott@mail.com
24,Chloe,Robinson,Chloe.Robinson@mail.com
25,Olivia,Thompson,Olivia.Thompson@mail.com
26,Harper,Harris,Harper.Harris@mail.com
27,James,Roberts,James.Roberts@mail.com
28,Jack,King,Jack.King@mail.com
29,Joseph,Martin,Joseph.Martin@mail.com
30,James,Adams,James.Adams@mail.com
31,Riley,Perez,Riley.Perez@mail.com
32,David,Hall,David.Hall@mail.com
33,Jack,Mitchell,Jack.Mitchell@mail.com
34,Victoria,Roberts,Victoria.Roberts@mail.com
35,Amelia,Mitchell,Amelia.Mitchell@mail.com
36,Olivia,Baker,Olivia.Baker@mail.com
37,Sofia,Garcia,Sofia.Garcia@mail.com
38,James,Adams,James.Adams@mail.com
39,Olivia,Nelson,Olivia.Nelson@mail.com
40,Liam,Lopez,Liam.Lopez@mail.com
41,Grace,Garcia,Grace.Garcia@mail.com
42,Jackson,Adams,Jackson.Adams@mail.com
43,Elijah,Gonzalez,Elijah.Gonzalez@mail.com
44,Grace,Smith,Grace.Smith@mail.com
45,Daniel,Carter,Daniel.Carter@mail.com
46,Jack,Martin,Jack.Martin@mail.com
47,Ava,Smith,Ava.Smith@mail.com
48,Liam,Turner,Liam.Turner@mail.com
49,Evelyn,Jackson,Evelyn.Jackson@mail.com
50,Henry,Scott,Henry.Scott@mail.com
51,Matthew,Perez,Matthew.Perez@mail.com
52,Daniel,Phillips,Daniel.Phillips@mail.com
53,Chloe,Jones,Chloe.Jones@mail.com
54,Michael,Martin,Michael.Martin@mail.com
55,Jackson,Moore,Jackson.Moore@mail.com
56,David,Wilson,David.Wilson@mail.com
57,Jack,Hill,Jack.Hill@mail.com
58,Benjamin,Davis,Benjamin.Davis@mail.com
59,Sebastian,Lopez,Sebastian.Lopez@mail.com
60,Olivia,Adams,Olivia.Adams@mail.com
61,Jack,Garcia,Jack.Garcia@mail.com
62,Jack,Hall,Jack.Hall@mail.com
63,David,Robinson,David.Robinson@mail.com
64,Sofia,Jones,Sofia.Jones@mail.com
65,Elijah,Allen,Elijah.Allen@mail.com
66,Ella,Perez,Ella.Perez@mail.com
67,William,White,William.White@mail.com
68,John,Perez,John.Perez@mail.com
69,Liam,Wilson,Liam.Wilson@mail.com
70,Aria,Robinson,Aria.Robinson@mail.com
71,Abigail,Martin,Abigail.Martin@mail.com
72,Abigail,Anderson,Abigail.Anderson@mail.com
73,Mia,Brown,Mia.Brown@mail.com
74,Lucas,Evans,Lucas.Evans@mail.com
75,Joseph,Davis,Joseph.Davis@mail.com
76,Benjamin,Roberts,Benjamin.Roberts@mail.com
77,Sophia,Green,Sophia.Green@mail.com
78,Lucas,Mitchell,Lucas.Mitchell@mail.com
79,Aria,Carter,Aria.Carter@mail.com
80,Evelyn,King,Evelyn.King@mail.com
81,Emma,Jackson,Emma.Jackson@mail.com
82,Jack,Jackson,Jack.Jackson@mail.com
83,David,Rodriguez,David.Rodriguez@mail.com
84,Amelia,Allen,Amelia.Allen@mail.com
85,Matthew,Thomas,Matthew.Thomas@mail.com
86,David,Johnson,David.Johnson@mail.com
87,Victoria,Taylor,Victoria.Taylor@mail.com
88,Daniel,Nelson,Daniel.Nelson@mail.com
89,Carter,Gonzalez,Carter.Gonzalez@mail.com
90,Sebastian,Jackson,Sebastian.Jackson@mail.com
91,Liam,Johnson,Liam.Johnson@mail.com
92,Noah,Williams,Noah.Williams@mail.com
93,Emma,Johnson,Emma.Johnson@mail.com
94,Emma,Baker,Emma.Baker@mail.com
95,Avery,Johnson,Avery.Johnson@mail.com
96,Scarlett,Wright,Scarlett.Wright@mail.com
97,Elijah,Campbell,Elijah.Campbell@mail.com
98,Sofia,Baker,Sofia.Baker@mail.com
99,Olivia,Clark,Olivia.Clark@mail.com
100,Sofia,Martinez,Sofia.Martinez@mail.com
101,Riley,Scott,Riley.Scott@mail.com
102,Charlotte,Davis,Charlotte.Davis@mail.com
103,Liam,Jones,Liam.Jones@mail.com
104,Evelyn,Brown,Evelyn.Brown@mail.com
105,Lucas,Smith,Lucas.Smith@mail.com
106,Sophia,Evans,Sophia.Evans@mail.com
107,Amelia,Roberts,Amelia.Roberts@mail.com
108,Michael,Campbell,Michael.Campbell@mail.com
109,Emily,Mitchell,Emily.Mitchell@mail.com
110,Aria,Lee,Aria.Lee@mail.com
111,Lily,Martinez,Lily.Martinez@mail.com
112,Ella,Adams,Ella.Adams@mail.com
113,Noah,Martinez,Noah.Martinez@mail.com
114,Avery,Thomas,Avery.Thomas@mail.com
115,Charlotte,Campbell,Charlotte.Campbell@mail.com
116,Isabella,Parker,Isabella.Parker@mail.com
117,Grace,Jackson,Grace.Jackson@mail.com
118,Luke,Robinson,Luke.Robinson@mail.com
119,Sebastian,Wright,Sebastian.Wright@mail.com
120,Evelyn,Wilson,Evelyn.Wilson@mail.com
121,Aria,Smith,Aria.Smith@mail.com
122,Wyatt,Davis,Wyatt.Davis@mail.com
123,Jack,Campbell,Jack.Campbell@mail.com
124,Jack,Hall,Jack.Hall@mail.com
125,Lucas,Lopez,Lucas.Lopez@mail.com
126,Victoria,Lopez,Victoria.Lopez@mail.com
127,Scarlett,Turner,Scarlett.Turner@mail.com
128,Luke,Harris,Luke.Harris@mail.com
129,Victoria,Scott,Victoria.Scott@mail.com
130,Riley,Baker,Riley.Baker@mail.com
131,Olivia,Anderson,Olivia.Anderson@mail.com
132,James,Robinson,James.Robinson@mail.com
133,Victoria,Evans,Victoria.Evans@mail.com
134,Henry,Phillips,Henry.Phillips@mail.com
135,Ella,Wright,Ella.Wright@mail.com
136,Victoria,Jones,Victoria.Jones@mail.com
137,Sofia,Lee,Sofia.Lee@mail.com
138,John,King,John.King@mail.com
139,Liam,Parker,Liam.Parker@mail.com
140,Henry,Walker,Henry.Walker@mail.com
141,Oliver,Mitchell,Oliver.Mitchell@mail.com
142,Elizabeth,Walker,Elizabeth.Walker@mail.com
143,Benjamin,Adams,Benjamin.Adams@mail.com
144,Isabella,Brown,Isabella.Brown@mail.com
145,Sebastian,Lopez,Sebastian.Lopez@mail.com
146,Jackson,King,Jackson.King@mail.com
147,Matthew,Campbell,Matthew.Campbell@mail.com
148,James,Rodriguez,James.Rodriguez@mail.com
149,Henry,Clark,Henry.Clark@mail.com
150,Lucas,Hill,Lucas.Hill@mail.com
151,Alexander,Thomas,Alexander.Thomas@mail.com
152,William,Jackson,William.Jackson@mail.com
153,Henry,Roberts,Henry.Roberts@mail.com
154,Sebastian,Taylor,Sebastian.Taylor@mail.com
155,Sebastian,Miller,Sebastian.Miller@mail.com
156,Elijah,Adams,Elijah.Adams@mail.com
157,Carter,Martin,Carter.Martin@mail.com
158,Scarlett,Davis,Scarlett.Davis@mail.com
159,Matthew,Hall,Matthew.Hall@mail.com
160,Carter,Allen,Carter.Allen@mail.com
161,Jackson,Turner,Jackson.Turner@mail.com
162,Wyatt,Roberts,Wyatt.Roberts@mail.com
163,Ava,Wright,Ava.Wright@mail.com
164,Evelyn,Thompson,Evelyn.Thompson@mail.com
165,David,Hernandez,David.Hernandez@mail.com
166,Ella,Rodriguez,Ella.Rodriguez@mail.com
167,John,Turner,John.Turner@mail.com
168,Olivia,Lopez,Olivia.Lopez@mail.com
169,Abigail,Roberts,Abigail.Roberts@mail.com
170,James,Nelson,James.Nelson@mail.com
171,John,Green,John.Green@mail.com
172,Charlotte,Williams,Charlotte.Williams@mail.com
173,Olivia,Clark,Olivia.Clark@mail.com
174,Avery,Martinez,Avery.Martinez@mail.com
175,Owen,Lopez,Owen.Lopez@mail.com
176,Matthew,Thomas,Matthew.Thomas@mail.com
177,Matthew,Robinson,Matthew.Robinson@mail.com
178,Elizabeth,Lee,Elizabeth.Lee@mail.com
179,Charlotte,Martinez,Charlotte.Martinez@mail.com
180,Lily,Perez,Lily.Perez@mail.com
181,Elizabeth,Miller,Elizabeth.Miller@mail.com
182,Alexander,Hernandez,Alexander.Hernandez@mail.com
183,Jackson,Wright,Jackson.Wright@mail.com
184,Scarlett,Carter,Scarlett.Carter@mail.com
185,Mia,Smith,Mia.Smith@mail.com
186,Ava,Scott,Ava.Scott@mail.com
187,Benjamin,Brown,Benjamin.Brown@mail.com
188,Jack,Johnson,Jack.Johnson@mail.com
189,Sebastian,Lewis,Sebastian.Lewis@mail.com
190,Alexander,King,Alexander.King@mail.com
191,Aria,Lee,Aria.Lee@mail.com
192,Liam,Adams,Liam.Adams@mail.com
193,Benjamin,Rodriguez,Benjamin.Rodriguez@mail.com
194,Riley,Lee,Riley.Lee@mail.com
195,Carter,Jackson,Carter.Jackson@mail.com
196,Riley,Moore,Riley.Moore@mail.com
197,Joseph,Baker,Joseph.Baker@mail.com
198,Benjamin,Williams,Benjamin.Williams@mail.com
199,Sofia,Scott,Sofia.Scott@mail.com
200,David,Phillips,David.Phillips@mail.com
201,Jack,Hill,Jack.Hill@mail.com
202,Jackson,Brown,Jackson.Brown@mail.com
203,Amelia,Walker,Amelia.Walker@mail.com
204,Riley,Allen,Riley.Allen@mail.com
205,Elizabeth,Anderson,Elizabeth.Anderson@mail.com
206,Elijah,Moore,Elijah.Moore@mail.com
207,Elijah,Jackson,Elijah.Jackson@mail.com
208,Avery,Thompson,Avery.Thompson@mail.com
209,David,Scott,David.Scott@mail.com
210,Owen,Walker,Owen.Walker@mail.com
211,Lily,Carter,Lily.Carter@mail.com
212,Ava,Gonzalez,Ava.Gonzalez@mail.com
213,Elizabeth,Robinson,Elizabeth.Robinson@mail.com
214,Victoria,King,Victoria.King@mail.com
215,Olivia,Phillips,Olivia.Phillips@mail.com
216,Harper,White,Harper.White@mail.com
217,Victoria,Evans,Victoria.Evans@mail.com
218,Liam,King,Liam.King@mail.com
219,Abigail,Jones,Abigail.Jones@mail.com
220,Sebastian,Lee,Sebastian.Lee@mail.com
221,Amelia,Martinez,Amelia.Martinez@mail.com
222,Matthew,Allen,Matthew.Allen@mail.com
223,Sebastian,Carter,Sebastian.Carter@mail.com
224,Oliver,Young,Oliver.Young@mail.com
225,Abigail,King,Abigail.King@mail.com
226,Riley,Garcia,Riley.Garcia@mail.com
227,Liam,Thomas,Liam.Thomas@mail.com
228,John,Moore,John.Moore@mail.com
229,Emma,Harris,Emma.Harris@mail.com
230,Amelia,Scott,Amelia.Scott@mail.com
231,Amelia,Miller,Amelia.Miller@mail.com
232,Joseph,Moore,Joseph.Moore@mail.com
233,Wyatt,Thomas,Wyatt.Thomas@mail.com
234,Daniel,Taylor,Daniel.Taylor@mail.com
235,Jackson,Phillips,Jackson.Phillips@mail.com
236,Scarlett,Jones,Scarlett.Jones@mail.com
237,Joseph,Allen,Joseph.Allen@mail.com
238,Isabella,Young,Isabella.Young@mail.com
239,Scarlett,Moore,Scarlett.Moore@mail.com
240,Liam,Nelson,Liam.Nelson@mail.com
241,Emma,Perez,Emma.Perez@mail.com
242,Amelia,Moore,Amelia.Moore@mail.com
243,Daniel,Moore,Daniel.Moore@mail.com
244,Sofia,Allen,Sofia.Allen@mail.com
245,Harper,Parker,Harper.Parker@mail.com
246,Sophia,Taylor,Sophia.Taylor@mail.com
247,Ella,Walker,Ella.Walker@mail.com
248,Aria,Nelson,Aria.Nelson@mail.com
249,Emma,Roberts,Emma.Roberts@mail.com
250,Ava,Rodriguez,Ava.Rodriguez@mail.com
251,Scarlett,Hill,Scarlett.Hill@mail.com
252,Avery,Evans,Avery.Evans@mail.com
253,Sophia,White,Sophia.White@mail.com
254,Harper,Adams,Harper.Adams@mail.com
255,Benjamin,Scott,Benjamin.Scott@mail.com
256,Lily,Johnson,Lily.Johnson@mail.com
257,Sebastian,Anderson,Sebastian.Anderson@mail.com
258,Jack,Anderson,Jack.Anderson@mail.com
259,Oliver,Williams,Oliver.Williams@mail.com
260,Oliver,Harris,Oliver.Harris@mail.com
261,William,Thompson,William.Thompson@mail.com
262,Avery,Jones,Avery.Jones@mail.com
263,William,Jackson,William.Jackson@mail.com
264,David,Carter,David.Carter@mail.com
265,Sofia,Miller,Sofia.Miller@mail.com
266,Charlotte,Hernandez,Charlotte.Hernandez@mail.com
267,Benjamin,White,Benjamin.White@mail.com
268,Matthew,Nelson,Matthew.Nelson@mail.com
269,Carter,Harris,Carter.Harris@mail.com
270,Lucas,Phillips,Lucas.Phillips@mail.com
271,Emma,Moore,Emma.Moore@mail.com
272,Charlotte,Adams,Charlotte.Adams@mail.com
273,Charlotte,Miller,Charlotte.Miller@mail.com
274,Charlotte,Brown,Charlotte.Brown@mail.com
275,Abigail,Hernandez,Abigail.Hernandez@mail.com
276,Elizabeth,Wright,Elizabeth.Wright@mail.com
277,Victoria,Brown,Victoria.Brown@mail.com
278,Jackson,Garcia,Jackson.Garcia@mail.com
279,Abigail,Martin,Abigail.Martin@mail.com
280,Victoria,Martinez,Victoria.Martinez@mail.com
281,James,Rodriguez,James.Rodriguez@mail.com
282,Luke,Young,Luke.Young@mail.com
283,Jackson,Brown,Jackson.Brown@mail.com
284,Noah,Evans,Noah.Evans@mail.com
285,Sofia,Lopez,Sofia.Lopez@mail.com
286,Alexander,Taylor,Alexander.Taylor@mail.com
287,Elizabeth,Allen,Elizabeth.Allen@mail.com
288,Scarlett,Garcia,Scarlett.Garcia@mail.com
289,Riley,Adams,Riley.Adams@mail.com
290,Lucas,King,Lucas.King@mail.com
291,Liam,Green,Liam.Green@mail.com
292,Benjamin,Smith,Benjamin.Smith@mail.com
293,Isabella,Robinson,Isabella.Robinson@mail.com
294,Liam,Scott,Liam.Scott@mail.com
295,Sophia,Hall,Sophia.Hall@mail.com
296,William,Thomas,William.Thomas@mail.com
297,John,Allen,John.Allen@mail.com
298,Joseph,Thompson,Joseph.Thompson@mail.com
299,Chloe,Allen,Chloe.Allen@mail.com
300,Harper,Martinez,Harper.Martinez@mail.com
